Certainly! Below is a comprehensive JUnit 4 test suite for the `AttributeModelComparator` class. This test suite includes tests for various scenarios, such as null inputs, equal names, and names that are before or after the letter "a".

```java
package de.paragon.explorer.model;

import org.junit.Test;
import static org.junit.Assert.*;

public class AttributeModelComparatorTest {

    private AttributeModelComparator comparator = new AttributeModelComparator();

    @Test
    public void testCompare_NullInputs() {
        AttributeModel nullModel = null;
        AttributeModel validModel = new AttributeModel("test");

        assertEquals(-1, comparator.compare(nullModel, validModel));
        assertEquals(-1, comparator.compare(validModel, nullModel));
        assertEquals(-1, comparator.compare(nullModel, nullModel));
    }

    @Test
    public void testCompare_EqualNames() {
        AttributeModel model1 = new AttributeModel("test");
        AttributeModel model2 = new AttributeModel("test");

        assertEquals(0, comparator.compare(model1, model2));
    }

    @Test
    public void testCompare_DifferentNames() {
        AttributeModel model1 = new AttributeModel("apple");
        AttributeModel model2 = new AttributeModel("banana");

        assertTrue(comparator.compare(model1, model2) < 0);
        assertTrue(comparator.compare(model2, model1) > 0);
    }

    @Test
    public void testCompare_NamesBeforeAndAfterA() {
        AttributeModel modelBeforeA = new AttributeModel("apple");
        AttributeModel modelAfterA = new AttributeModel("banana");

        assertTrue(comparator.compare(modelBeforeA, modelAfterA) < 0);
        assertTrue(comparator.compare(modelAfterA, modelBeforeA) > 0);
    }

    @Test
    public void testCompare_NamesBeforeA() {
        AttributeModel model1 = new AttributeModel("apple");
        AttributeModel model2 = new AttributeModel("ant");

        assertTrue(comparator.compare(model1, model2) > 0);
        assertTrue(comparator.compare(model2, model1) < 0);
    }

    @Test
    public void testCompare_NamesAfterA() {
        AttributeModel model1 = new AttributeModel("banana");
        AttributeModel model2 = new AttributeModel("zebra");

        assertTrue(comparator.compare(model1, model2) < 0);
        assertTrue(comparator.compare(model2, model1) > 0);
    }

    @Test
    public void testCompare_NamesEqualA() {
        AttributeModel model1 = new AttributeModel("a");
        AttributeModel model2 = new AttributeModel("a");

        assertEquals(0, comparator.compare(model1, model2));
    }

    @Test
    public void testCompare_NamesBeforeAndAfterA_SpecialCase() {
        AttributeModel modelBeforeA = new AttributeModel("apple");
        AttributeModel modelAfterA = new AttributeModel("banana");

        assertEquals(1, comparator.compare(modelBeforeA, modelAfterA));
        assertEquals(-1, comparator.compare(modelAfterA, modelBeforeA));
    }

    // Helper class to simulate AttributeModel
    private static class AttributeModel {
        private String name;

        public AttributeModel(String name) {
            this.name = name;
        }

        public String getName() {
            return name;
        }
    }
}
```

This test suite covers various scenarios, including:
- Null inputs
- Equal names
- Different names
- Names before and after the letter "a"
- Special cases where the names are exactly "a"

Each test method uses assertions to verify the expected behavior of the `compare` method in the `AttributeModelComparator` class.